filename,pattern,occurrences,sa_factor,tally_factor,time,mem
Coffea arabica,ATGCATG,6529,,,0.7879695892333984,3929.6301193237305
Coffea arabica,ATGCATG,6529,4.0,8.0,0.4021303653717041,1374.880760192871
Coffea arabica,ATGCATG,6529,4.0,32.0,0.4227163791656494,796.2585220336914
Coffea arabica,ATGCATG,6529,4.0,128.0,0.4993274211883545,600.3952407836914
Coffea arabica,ATGCATG,6529,4.0,512.0,0.8075652122497559,549.7729110717773
Coffea arabica,ATGCATG,6529,16.0,8.0,0.25476837158203125,1013.6677322387695
Coffea arabica,ATGCATG,6529,16.0,32.0,0.36244916915893555,435.04549407958984
Coffea arabica,ATGCATG,6529,16.0,128.0,0.7340028285980225,239.18221282958984
Coffea arabica,ATGCATG,6529,16.0,512.0,2.2518157958984375,188.55988311767578
Coffea arabica,ATGCATG,6529,64.0,8.0,0.49591636657714844,920.8493041992188
Coffea arabica,ATGCATG,6529,64.0,32.0,0.8997962474822998,342.22706604003906
Coffea arabica,ATGCATG,6529,64.0,128.0,2.4995174407958984,146.36378479003906
Coffea arabica,ATGCATG,6529,64.0,512.0,8.820896625518799,95.741455078125
Coffea arabica,ATGCATG,6529,256.0,8.0,1.8995041847229004,897.7809677124023
Coffea arabica,ATGCATG,6529,256.0,32.0,3.5127053260803223,319.15872955322266
Coffea arabica,ATGCATG,6529,256.0,128.0,10.025712490081787,123.29544830322266
Coffea arabica,ATGCATG,6529,256.0,512.0,35.86160326004028,72.6731185913086
Coffea arabica,TCTCTCTA,1262,,,0.7869815826416016,2005.6282119750977
Coffea arabica,TCTCTCTA,1262,4.0,8.0,0.3836679458618164,1374.880760192871
Coffea arabica,TCTCTCTA,1262,4.0,32.0,0.35754919052124023,796.2585220336914
Coffea arabica,TCTCTCTA,1262,4.0,128.0,0.40019798278808594,600.3952407836914
Coffea arabica,TCTCTCTA,1262,4.0,512.0,0.4602510929107666,549.7729110717773
Coffea arabica,TCTCTCTA,1262,16.0,8.0,0.16521286964416504,1013.6677322387695
Coffea arabica,TCTCTCTA,1262,16.0,32.0,0.1833665370941162,435.04549407958984
Coffea arabica,TCTCTCTA,1262,16.0,128.0,0.2546558380126953,239.18221282958984
Coffea arabica,TCTCTCTA,1262,16.0,512.0,0.5527935028076172,188.55988311767578
Coffea arabica,TCTCTCTA,1262,64.0,8.0,0.13462305068969727,920.8493041992188
Coffea arabica,TCTCTCTA,1262,64.0,32.0,0.2132558822631836,342.22706604003906
Coffea arabica,TCTCTCTA,1262,64.0,128.0,0.5308887958526611,146.36378479003906
Coffea arabica,TCTCTCTA,1262,64.0,512.0,1.8068225383758545,95.741455078125
Coffea arabica,TCTCTCTA,1262,256.0,8.0,0.41428041458129883,897.7809677124023
Coffea arabica,TCTCTCTA,1262,256.0,32.0,0.7316226959228516,319.15872955322266
Coffea arabica,TCTCTCTA,1262,256.0,128.0,2.0409202575683594,123.29544830322266
Coffea arabica,TCTCTCTA,1262,256.0,512.0,7.279693365097046,72.6731185913086
Coffea arabica,TTCACTACTCTCA,0,,,0.7937648296356201,2005.6282119750977
Coffea arabica,TTCACTACTCTCA,0,4.0,8.0,0.37963247299194336,1374.880760192871
Coffea arabica,TTCACTACTCTCA,0,4.0,32.0,0.3778855800628662,796.2585220336914
Coffea arabica,TTCACTACTCTCA,0,4.0,128.0,0.3779258728027344,600.3952407836914
Coffea arabica,TTCACTACTCTCA,0,4.0,512.0,0.378140926361084,549.7729110717773
Coffea arabica,TTCACTACTCTCA,0,16.0,8.0,0.13579535484313965,1013.6677322387695
Coffea arabica,TTCACTACTCTCA,0,16.0,32.0,0.14310121536254883,435.04549407958984
Coffea arabica,TTCACTACTCTCA,0,16.0,128.0,0.1364750862121582,239.18221282958984
Coffea arabica,TTCACTACTCTCA,0,16.0,512.0,0.137800931930542,188.55988311767578
Coffea arabica,TTCACTACTCTCA,0,64.0,8.0,0.03931474685668945,920.8493041992188
Coffea arabica,TTCACTACTCTCA,0,64.0,32.0,0.039888620376586914,342.22706604003906
Coffea arabica,TTCACTACTCTCA,0,64.0,128.0,0.04027962684631348,146.36378479003906
Coffea arabica,TTCACTACTCTCA,0,64.0,512.0,0.04030036926269531,95.741455078125
Coffea arabica,TTCACTACTCTCA,0,256.0,8.0,0.010309219360351562,897.7809677124023
Coffea arabica,TTCACTACTCTCA,0,256.0,32.0,0.010915756225585938,319.15872955322266
Coffea arabica,TTCACTACTCTCA,0,256.0,128.0,0.010477304458618164,123.29544830322266
Coffea arabica,TTCACTACTCTCA,0,256.0,512.0,0.011233091354370117,72.6731185913086
